<?xml version="1.0"?>
<Runs Version="1" Minor="0">
	<Run Id="ram_b_synth_1" LaunchDir="D:/Vteacher/Lab4_4/Lab2.runs/ram_b_synth_1" FlowId="Vivado_Synthesis" FromStepId="vivado" ToStepId="vivado"/>
	<Run Id="rom_d_synth_1" LaunchDir="D:/Vteacher/Lab4_4/Lab2.runs/rom_d_synth_1" FlowId="Vivado_Synthesis" FromStepId="vivado" ToStepId="vivado"/>
	<Run Id="synth_1" LaunchDir="D:/Vteacher/Lab4_4/Lab2.runs/synth_1" FlowId="Vivado_Synthesis" FromStepId="vivado" ToStepId="vivado">
		<Parent Id="ram_b_synth_1"/>
		<Parent Id="rom_d_synth_1"/>
	</Run>
	<Run Id="impl_1" LaunchDir="D:/Vteacher/Lab4_4/Lab2.runs/impl_1" FlowId="Vivado_Implementation" FromStepId="init_design" ToStepId="write_bitstream">
		<Parent Id="synth_1"/>
		<Parent Id="ram_b_synth_1"/>
		<Parent Id="rom_d_synth_1"/>
	</Run>
	<Parameters>
		<Parameter Name="runs.monitorLSFJobs" Val="true" Type="bool"/>
		<Parameter Name="runs.enableClusterConf" Val="true" Type="bool"/>
	</Parameters>
</Runs>

