<?xml version="1.0"?>
<Runs Version="1" Minor="0">
	<Run Id="DataPath_0_synth_1" LaunchDir="D:/Vteacher/Lab4_12/Lab2.runs/DataPath_0_synth_1" FlowId="Vivado_Synthesis" FromStepId="vivado" ToStepId="vivado"/>
	<Run Id="synth_1" LaunchDir="D:/Vteacher/Lab4_12/Lab2.runs/synth_1" FlowId="Vivado_Synthesis" FromStepId="vivado" ToStepId="vivado">
		<Parent Id="DataPath_0_synth_1"/>
	</Run>
	<Parameters>
		<Parameter Name="runs.monitorLSFJobs" Val="true" Type="bool"/>
		<Parameter Name="runs.enableClusterConf" Val="true" Type="bool"/>
	</Parameters>
</Runs>

