<?xml version="1.0" encoding="UTF-8"?>
<GenRun Id="MIO_BUS_0_synth_1" LaunchPart="xc7k160tffg676-2L" LaunchTime="1648096914">
  <File Type="PA-TCL" Name="MIO_BUS_0.tcl"/>
  <File Type="REPORTS-TCL" Name="MIO_BUS_0_reports.tcl"/>
  <File Type="RDS-RDS" Name="MIO_BUS_0.vds"/>
  <File Type="RDS-UTIL" Name="MIO_BUS_0_utilization_synth.rpt"/>
  <File Type="RDS-UTIL-PB" Name="MIO_BUS_0_utilization_synth.pb"/>
  <File Type="RDS-DCP" Name="MIO_BUS_0.dcp"/>
  <FileSet Name="sources" Type="BlockSrcs" RelSrcDir="$PSRCDIR/MIO_BUS_0">
    <File Path="$PSRCDIR/sources_1/ip/MIO_BUS_0/MIO_BUS_0.xci">
      <FileInfo>
        <Attr Name="UsedIn" Val="synthesis"/>
        <Attr Name="UsedIn" Val="implementation"/>
        <Attr Name="UsedIn" Val="simulation"/>
      </FileInfo>
    </File>
    <Config>
      <Option Name="TopModule" Val="MIO_BUS_0"/>
      <Option Name="UseBlackboxStub" Val="1"/>
    </Config>
  </FileSet>
  <FileSet Name="constrs_in" Type="BlockSrcs" RelSrcDir="$PSRCDIR/MIO_BUS_0">
    <File Path="$PSRCDIR/sources_1/ip/MIO_BUS_0/MIO_BUS_0.xci">
      <FileInfo>
        <Attr Name="UsedIn" Val="synthesis"/>
        <Attr Name="UsedIn" Val="implementation"/>
        <Attr Name="UsedIn" Val="simulation"/>
      </FileInfo>
    </File>
    <Config>
      <Option Name="TopModule" Val="MIO_BUS_0"/>
      <Option Name="UseBlackboxStub" Val="1"/>
    </Config>
  </FileSet>
  <FileSet Name="utils" Type="Utils" RelSrcDir="$PSRCDIR/utils_1">
    <Filter Type="Utils"/>
    <Config>
      <Option Name="TopAutoSet" Val="TRUE"/>
    </Config>
  </FileSet>
  <Strategy Version="1" Minor="2">
    <StratHandle Name="Vivado Synthesis Defaults" Flow="Vivado Synthesis 2020"/>
    <Step Id="synth_design"/>
  </Strategy>
</GenRun>
