<?xml version="1.0" encoding="UTF-8"?>
<GenRun Id="ram_b_synth_1" LaunchPart="xc7k160tffg676-2L" LaunchTime="1651570032">
  <File Type="PA-TCL" Name="ram_b.tcl"/>
  <File Type="REPORTS-TCL" Name="ram_b_reports.tcl"/>
  <File Type="RDS-RDS" Name="ram_b.vds"/>
  <File Type="RDS-UTIL" Name="ram_b_utilization_synth.rpt"/>
  <File Type="RDS-UTIL-PB" Name="ram_b_utilization_synth.pb"/>
  <File Type="RDS-DCP" Name="ram_b.dcp"/>
  <FileSet Name="sources" Type="BlockSrcs" RelSrcDir="$PSRCDIR/ram_b">
    <File Path="$PSRCDIR/sources_1/ip/ram_b/ram_b.xci">
      <FileInfo>
        <Attr Name="UsedIn" Val="synthesis"/>
        <Attr Name="UsedIn" Val="implementation"/>
        <Attr Name="UsedIn" Val="simulation"/>
      </FileInfo>
    </File>
    <Config>
      <Option Name="TopModule" Val="ram_b"/>
      <Option Name="UseBlackboxStub" Val="1"/>
    </Config>
  </FileSet>
  <FileSet Name="constrs_in" Type="BlockSrcs" RelSrcDir="$PSRCDIR/ram_b">
    <File Path="$PSRCDIR/sources_1/ip/ram_b/ram_b.xci">
      <FileInfo>
        <Attr Name="UsedIn" Val="synthesis"/>
        <Attr Name="UsedIn" Val="implementation"/>
        <Attr Name="UsedIn" Val="simulation"/>
      </FileInfo>
    </File>
    <Config>
      <Option Name="TopModule" Val="ram_b"/>
      <Option Name="UseBlackboxStub" Val="1"/>
    </Config>
  </FileSet>
  <FileSet Name="utils" Type="Utils" RelSrcDir="$PSRCDIR/utils_1">
    <Filter Type="Utils"/>
    <Config>
      <Option Name="TopAutoSet" Val="TRUE"/>
    </Config>
  </FileSet>
  <Strategy Version="1" Minor="2">
    <StratHandle Name="Vivado Synthesis Defaults" Flow="Vivado Synthesis 2020"/>
    <Step Id="synth_design"/>
  </Strategy>
</GenRun>
