<?xml version="1.0" encoding="UTF-8"?>
<GenRun Id="cpu_ctrl_0_synth_1" LaunchPart="xc7k160tffg676-2L" LaunchTime="1651585539">
  <File Type="PA-TCL" Name="cpu_ctrl_0.tcl"/>
  <File Type="REPORTS-TCL" Name="cpu_ctrl_0_reports.tcl"/>
  <File Type="RDS-RDS" Name="cpu_ctrl_0.vds"/>
  <File Type="RDS-UTIL" Name="cpu_ctrl_0_utilization_synth.rpt"/>
  <File Type="RDS-UTIL-PB" Name="cpu_ctrl_0_utilization_synth.pb"/>
  <File Type="RDS-DCP" Name="cpu_ctrl_0.dcp"/>
  <FileSet Name="sources" Type="BlockSrcs" RelSrcDir="$PSRCDIR/cpu_ctrl_0">
    <File Path="$PSRCDIR/sources_1/ip/cpu_ctrl_0/cpu_ctrl_0.xci">
      <FileInfo>
        <Attr Name="UsedIn" Val="synthesis"/>
        <Attr Name="UsedIn" Val="implementation"/>
        <Attr Name="UsedIn" Val="simulation"/>
      </FileInfo>
    </File>
    <Config>
      <Option Name="TopModule" Val="cpu_ctrl_0"/>
      <Option Name="UseBlackboxStub" Val="1"/>
    </Config>
  </FileSet>
  <FileSet Name="constrs_in" Type="BlockSrcs" RelSrcDir="$PSRCDIR/cpu_ctrl_0">
    <File Path="$PSRCDIR/sources_1/ip/cpu_ctrl_0/cpu_ctrl_0.xci">
      <FileInfo>
        <Attr Name="UsedIn" Val="synthesis"/>
        <Attr Name="UsedIn" Val="implementation"/>
        <Attr Name="UsedIn" Val="simulation"/>
      </FileInfo>
    </File>
    <Config>
      <Option Name="TopModule" Val="cpu_ctrl_0"/>
      <Option Name="UseBlackboxStub" Val="1"/>
    </Config>
  </FileSet>
  <FileSet Name="utils" Type="Utils" RelSrcDir="$PSRCDIR/utils_1">
    <Filter Type="Utils"/>
    <Config>
      <Option Name="TopAutoSet" Val="TRUE"/>
    </Config>
  </FileSet>
  <Strategy Version="1" Minor="2">
    <StratHandle Name="Vivado Synthesis Defaults" Flow="Vivado Synthesis 2020"/>
    <Step Id="synth_design"/>
  </Strategy>
</GenRun>
