<?xml version="1.0" encoding="UTF-8"?>
<GenRun Id="synth_1" LaunchPart="xc7k160tffg676-2L" LaunchTime="1649922849">
  <File Type="PA-TCL" Name="Top.tcl"/>
  <File Type="RDS-PROPCONSTRS" Name="Top_drc_synth.rpt"/>
  <File Type="REPORTS-TCL" Name="Top_reports.tcl"/>
  <File Type="RDS-RDS" Name="Top.vds"/>
  <File Type="RDS-UTIL" Name="Top_utilization_synth.rpt"/>
  <File Type="RDS-UTIL-PB" Name="Top_utilization_synth.pb"/>
  <File Type="RDS-DCP" Name="Top.dcp"/>
  <File Type="VDS-TIMINGSUMMARY" Name="Top_timing_summary_synth.rpt"/>
  <File Type="VDS-TIMING-PB" Name="Top_timing_summary_synth.pb"/>
  <FileSet Name="sources" Type="DesignSrcs" RelSrcDir="$PSRCDIR/sources_1">
    <Filter Type="Srcs"/>
    <File Path="$PSRCDIR/sources_1/imports/Materials/Defines.vh">
      <FileInfo>
        <Attr Name="ImportPath" Val="$PPRDIR/../Materials/Defines.vh"/>
        <Attr Name="ImportTime" Val="1623087016"/>
        <Attr Name="UsedIn" Val="synthesis"/>
        <Attr Name="UsedIn" Val="simulation"/>
      </FileInfo>
    </File>
    <File Path="$PSRCDIR/sources_1/imports/Materials/Alu.v">
      <FileInfo>
        <Attr Name="ImportPath" Val="$PPRDIR/../Materials/Alu.v"/>
        <Attr Name="ImportTime" Val="1647435717"/>
        <Attr Name="UsedIn" Val="synthesis"/>
        <Attr Name="UsedIn" Val="implementation"/>
        <Attr Name="UsedIn" Val="simulation"/>
      </FileInfo>
    </File>
    <File Path="$PSRCDIR/sources_1/imports/Materials/ClockDividor.v">
      <FileInfo>
        <Attr Name="ImportPath" Val="$PPRDIR/../Materials/ClockDividor.v"/>
        <Attr Name="ImportTime" Val="1623087016"/>
        <Attr Name="UsedIn" Val="synthesis"/>
        <Attr Name="UsedIn" Val="implementation"/>
        <Attr Name="UsedIn" Val="simulation"/>
      </FileInfo>
    </File>
    <File Path="$PSRCDIR/sources_1/imports/Materials/Comparator.v">
      <FileInfo>
        <Attr Name="ImportPath" Val="$PPRDIR/../Materials/Comparator.v"/>
        <Attr Name="ImportTime" Val="1646899210"/>
        <Attr Name="UsedIn" Val="synthesis"/>
        <Attr Name="UsedIn" Val="implementation"/>
        <Attr Name="UsedIn" Val="simulation"/>
      </FileInfo>
    </File>
    <File Path="$PSRCDIR/sources_1/imports/Materials/Controller.v">
      <FileInfo>
        <Attr Name="ImportPath" Val="$PPRDIR/../Materials/Controller.v"/>
        <Attr Name="ImportTime" Val="1649835540"/>
        <Attr Name="UsedIn" Val="synthesis"/>
        <Attr Name="UsedIn" Val="implementation"/>
        <Attr Name="UsedIn" Val="simulation"/>
      </FileInfo>
    </File>
    <File Path="$PSRCDIR/sources_1/imports/Materials/Core.v">
      <FileInfo>
        <Attr Name="ImportPath" Val="$PPRDIR/../Materials/Core.v"/>
        <Attr Name="ImportTime" Val="1646893585"/>
        <Attr Name="UsedIn" Val="synthesis"/>
        <Attr Name="UsedIn" Val="implementation"/>
        <Attr Name="UsedIn" Val="simulation"/>
      </FileInfo>
    </File>
    <File Path="$PSRCDIR/sources_1/imports/Materials/DMem.v">
      <FileInfo>
        <Attr Name="ImportPath" Val="$PPRDIR/../Materials/DMem.v"/>
        <Attr Name="ImportTime" Val="1623087016"/>
        <Attr Name="UsedIn" Val="synthesis"/>
        <Attr Name="UsedIn" Val="implementation"/>
        <Attr Name="UsedIn" Val="simulation"/>
      </FileInfo>
    </File>
    <File Path="$PSRCDIR/sources_1/imports/Materials/IMem.v">
      <FileInfo>
        <Attr Name="ImportPath" Val="$PPRDIR/../Materials/IMem.v"/>
        <Attr Name="ImportTime" Val="1623087016"/>
        <Attr Name="UsedIn" Val="synthesis"/>
        <Attr Name="UsedIn" Val="implementation"/>
        <Attr Name="UsedIn" Val="simulation"/>
      </FileInfo>
    </File>
    <File Path="$PSRCDIR/sources_1/imports/Materials/ImmGen.v">
      <FileInfo>
        <Attr Name="ImportPath" Val="$PPRDIR/../Materials/ImmGen.v"/>
        <Attr Name="ImportTime" Val="1649777046"/>
        <Attr Name="UsedIn" Val="synthesis"/>
        <Attr Name="UsedIn" Val="implementation"/>
        <Attr Name="UsedIn" Val="simulation"/>
      </FileInfo>
    </File>
    <File Path="$PSRCDIR/sources_1/imports/Materials/InputAntiJitter.v">
      <FileInfo>
        <Attr Name="ImportPath" Val="$PPRDIR/../Materials/InputAntiJitter.v"/>
        <Attr Name="ImportTime" Val="1623087016"/>
        <Attr Name="UsedIn" Val="synthesis"/>
        <Attr Name="UsedIn" Val="implementation"/>
        <Attr Name="UsedIn" Val="simulation"/>
      </FileInfo>
    </File>
    <File Path="$PSRCDIR/sources_1/imports/Materials/LEDCtrl.v">
      <FileInfo>
        <Attr Name="ImportPath" Val="$PPRDIR/../Materials/LEDCtrl.v"/>
        <Attr Name="ImportTime" Val="1648473934"/>
        <Attr Name="UsedIn" Val="synthesis"/>
        <Attr Name="UsedIn" Val="implementation"/>
        <Attr Name="UsedIn" Val="simulation"/>
      </FileInfo>
    </File>
    <File Path="$PSRCDIR/sources_1/imports/Materials/MACtrl.v">
      <FileInfo>
        <Attr Name="ImportPath" Val="$PPRDIR/../Materials/MACtrl.v"/>
        <Attr Name="ImportTime" Val="1646807827"/>
        <Attr Name="UsedIn" Val="synthesis"/>
        <Attr Name="UsedIn" Val="implementation"/>
        <Attr Name="UsedIn" Val="simulation"/>
      </FileInfo>
    </File>
    <File Path="$PSRCDIR/sources_1/imports/Materials/Mem.v">
      <FileInfo>
        <Attr Name="ImportPath" Val="$PPRDIR/../Materials/Mem.v"/>
        <Attr Name="ImportTime" Val="1646815446"/>
        <Attr Name="UsedIn" Val="synthesis"/>
        <Attr Name="UsedIn" Val="implementation"/>
        <Attr Name="UsedIn" Val="simulation"/>
      </FileInfo>
    </File>
    <File Path="$PSRCDIR/sources_1/imports/Materials/PC.v">
      <FileInfo>
        <Attr Name="ImportPath" Val="$PPRDIR/../Materials/PC.v"/>
        <Attr Name="ImportTime" Val="1649830393"/>
        <Attr Name="UsedIn" Val="synthesis"/>
        <Attr Name="UsedIn" Val="implementation"/>
        <Attr Name="UsedIn" Val="simulation"/>
      </FileInfo>
    </File>
    <File Path="$PSRCDIR/sources_1/imports/Materials/RegFile.v">
      <FileInfo>
        <Attr Name="ImportPath" Val="$PPRDIR/../Materials/RegFile.v"/>
        <Attr Name="ImportTime" Val="1646901422"/>
        <Attr Name="UsedIn" Val="synthesis"/>
        <Attr Name="UsedIn" Val="implementation"/>
        <Attr Name="UsedIn" Val="simulation"/>
      </FileInfo>
    </File>
    <File Path="$PSRCDIR/sources_1/imports/Materials/VGA.v">
      <FileInfo>
        <Attr Name="ImportPath" Val="$PPRDIR/../Materials/VGA.v"/>
        <Attr Name="ImportTime" Val="1623087016"/>
        <Attr Name="UsedIn" Val="synthesis"/>
        <Attr Name="UsedIn" Val="implementation"/>
        <Attr Name="UsedIn" Val="simulation"/>
      </FileInfo>
    </File>
    <File Path="$PSRCDIR/sources_1/imports/Materials/VgaController.v">
      <FileInfo>
        <Attr Name="ImportPath" Val="$PPRDIR/../Materials/VgaController.v"/>
        <Attr Name="ImportTime" Val="1623087016"/>
        <Attr Name="UsedIn" Val="synthesis"/>
        <Attr Name="UsedIn" Val="implementation"/>
        <Attr Name="UsedIn" Val="simulation"/>
      </FileInfo>
    </File>
    <File Path="$PSRCDIR/sources_1/imports/Materials/VgaDebugger.v">
      <FileInfo>
        <Attr Name="ImportPath" Val="$PPRDIR/../Materials/VgaDebugger.v"/>
        <Attr Name="ImportTime" Val="1623087016"/>
        <Attr Name="UsedIn" Val="synthesis"/>
        <Attr Name="UsedIn" Val="implementation"/>
        <Attr Name="UsedIn" Val="simulation"/>
      </FileInfo>
    </File>
    <File Path="$PSRCDIR/sources_1/imports/Materials/VgaDisplay.v">
      <FileInfo>
        <Attr Name="ImportPath" Val="$PPRDIR/../Materials/VgaDisplay.v"/>
        <Attr Name="ImportTime" Val="1623087016"/>
        <Attr Name="UsedIn" Val="synthesis"/>
        <Attr Name="UsedIn" Val="implementation"/>
        <Attr Name="UsedIn" Val="simulation"/>
      </FileInfo>
    </File>
    <File Path="$PSRCDIR/sources_1/imports/Materials/Top.v">
      <FileInfo>
        <Attr Name="ImportPath" Val="$PPRDIR/../Materials/Top.v"/>
        <Attr Name="ImportTime" Val="1646893790"/>
        <Attr Name="UsedIn" Val="synthesis"/>
        <Attr Name="UsedIn" Val="implementation"/>
        <Attr Name="UsedIn" Val="simulation"/>
      </FileInfo>
    </File>
    <File Path="$PSRCDIR/sources_1/imports/Materials/dmem_data.mem">
      <FileInfo>
        <Attr Name="UsedIn" Val="synthesis"/>
        <Attr Name="UsedIn" Val="simulation"/>
      </FileInfo>
    </File>
    <File Path="$PSRCDIR/sources_1/imports/Materials/font_8x16.mem">
      <FileInfo>
        <Attr Name="UsedIn" Val="synthesis"/>
        <Attr Name="UsedIn" Val="simulation"/>
      </FileInfo>
    </File>
    <File Path="$PSRCDIR/sources_1/imports/Materials/vga_debugger.mem">
      <FileInfo>
        <Attr Name="UsedIn" Val="synthesis"/>
        <Attr Name="UsedIn" Val="simulation"/>
      </FileInfo>
    </File>
    <File Path="$PSRCDIR/sources_1/imports/Materials/imem_data.mem">
      <FileInfo>
        <Attr Name="UsedIn" Val="synthesis"/>
        <Attr Name="UsedIn" Val="simulation"/>
      </FileInfo>
    </File>
    <File Path="$PSRCDIR/sources_1/imports/Mem/font_8x16.mem">
      <FileInfo>
        <Attr Name="ImportPath" Val="$PPRDIR/../Materials/Mem/font_8x16.mem"/>
        <Attr Name="ImportTime" Val="1623087016"/>
        <Attr Name="UsedIn" Val="synthesis"/>
        <Attr Name="UsedIn" Val="simulation"/>
      </FileInfo>
    </File>
    <File Path="$PSRCDIR/sources_1/imports/Mem/vga_debugger.mem">
      <FileInfo>
        <Attr Name="ImportPath" Val="$PPRDIR/../Materials/Mem/vga_debugger.mem"/>
        <Attr Name="ImportTime" Val="1623087016"/>
        <Attr Name="UsedIn" Val="synthesis"/>
        <Attr Name="UsedIn" Val="simulation"/>
      </FileInfo>
    </File>
    <File Path="$PSRCDIR/sources_1/imports/Mem/imem_data.mem">
      <FileInfo>
        <Attr Name="ImportPath" Val="$PPRDIR/../Materials/Mem/imem_data.mem"/>
        <Attr Name="ImportTime" Val="1623087016"/>
        <Attr Name="UsedIn" Val="synthesis"/>
        <Attr Name="UsedIn" Val="simulation"/>
      </FileInfo>
    </File>
    <File Path="$PSRCDIR/sources_1/imports/Mem/test_scpu.s">
      <FileInfo>
        <Attr Name="ImportPath" Val="$PPRDIR/../Materials/Mem/test_scpu.s"/>
        <Attr Name="ImportTime" Val="1623087016"/>
      </FileInfo>
    </File>
    <File Path="$PSRCDIR/sources_1/imports/Mem/dmem_data.mem">
      <FileInfo>
        <Attr Name="ImportPath" Val="$PPRDIR/../Materials/Mem/dmem_data.mem"/>
        <Attr Name="ImportTime" Val="1623087016"/>
        <Attr Name="UsedIn" Val="synthesis"/>
        <Attr Name="UsedIn" Val="simulation"/>
      </FileInfo>
    </File>
    <Config>
      <Option Name="DesignMode" Val="RTL"/>
      <Option Name="TopModule" Val="Top"/>
    </Config>
  </FileSet>
  <FileSet Name="constrs_in" Type="Constrs" RelSrcDir="$PSRCDIR/constrs_1">
    <Filter Type="Constrs"/>
    <File Path="$PSRCDIR/constrs_1/imports/Materials/Constraints.xdc">
      <FileInfo>
        <Attr Name="ImportPath" Val="$PPRDIR/../Materials/Constraints.xdc"/>
        <Attr Name="ImportTime" Val="1647444687"/>
        <Attr Name="UsedIn" Val="synthesis"/>
        <Attr Name="UsedIn" Val="implementation"/>
      </FileInfo>
    </File>
    <Config>
      <Option Name="ConstrsType" Val="XDC"/>
    </Config>
  </FileSet>
  <Strategy Version="1" Minor="2">
    <StratHandle Name="Vivado Synthesis Defaults" Flow="Vivado Synthesis 2017"/>
    <Step Id="synth_design"/>
  </Strategy>
</GenRun>
