<?xml version="1.0" encoding="UTF-8"?>
<GenRun Id="rom_d_synth_1" LaunchPart="xc7k160tffg676-2L" LaunchTime="1653475930">
  <File Type="PA-TCL" Name="rom_d.tcl"/>
  <File Type="REPORTS-TCL" Name="rom_d_reports.tcl"/>
  <File Type="RDS-RDS" Name="rom_d.vds"/>
  <File Type="RDS-DCP" Name="rom_d.dcp"/>
  <FileSet Name="sources" Type="BlockSrcs" RelSrcDir="$PSRCDIR/rom_d">
    <File Path="$PSRCDIR/sources_1/ip/rom_d/rom_d.xci">
      <FileInfo>
        <Attr Name="UsedIn" Val="synthesis"/>
        <Attr Name="UsedIn" Val="implementation"/>
        <Attr Name="UsedIn" Val="simulation"/>
      </FileInfo>
    </File>
    <Config>
      <Option Name="TopModule" Val="rom_d"/>
      <Option Name="UseBlackboxStub" Val="1"/>
    </Config>
  </FileSet>
  <FileSet Name="constrs_in" Type="BlockSrcs" RelSrcDir="$PSRCDIR/rom_d">
    <File Path="$PSRCDIR/sources_1/ip/rom_d/rom_d.xci">
      <FileInfo>
        <Attr Name="UsedIn" Val="synthesis"/>
        <Attr Name="UsedIn" Val="implementation"/>
        <Attr Name="UsedIn" Val="simulation"/>
      </FileInfo>
    </File>
    <Config>
      <Option Name="TopModule" Val="rom_d"/>
      <Option Name="UseBlackboxStub" Val="1"/>
    </Config>
  </FileSet>
  <FileSet Name="utils" Type="Utils" RelSrcDir="$PSRCDIR/utils_1">
    <Filter Type="Utils"/>
    <Config>
      <Option Name="TopAutoSet" Val="TRUE"/>
    </Config>
  </FileSet>
  <Strategy Version="1" Minor="2">
    <StratHandle Name="Vivado Synthesis Defaults" Flow="Vivado Synthesis 2020"/>
    <Step Id="synth_design"/>
  </Strategy>
</GenRun>
