<?xml version="1.0" encoding="UTF-8"?>
<GenRun Id="impl_1" LaunchPart="xc7k160tffg676-2L" LaunchTime="1649922849">
  <File Type="PWROPT-DCP" Name="Top_pwropt.dcp"/>
  <File Type="ROUTE-PWR" Name="Top_power_routed.rpt"/>
  <File Type="PA-TCL" Name="Top.tcl"/>
  <File Type="ROUTE-PWR-SUM" Name="Top_power_summary_routed.pb"/>
  <File Type="REPORTS-TCL" Name="Top_reports.tcl"/>
  <File Type="BG-DRC" Name="Top.drc"/>
  <File Type="OPT-METHODOLOGY-DRC" Name="Top_methodology_drc_opted.rpt"/>
  <File Type="INIT-TIMING" Name="Top_timing_summary_init.rpt"/>
  <File Type="OPT-HWDEF" Name="Top.hwdef"/>
  <File Type="OPT-DCP" Name="Top_opt.dcp"/>
  <File Type="OPT-DRC" Name="Top_drc_opted.rpt"/>
  <File Type="OPT-TIMING" Name="Top_timing_summary_opted.rpt"/>
  <File Type="PWROPT-DRC" Name="Top_drc_pwropted.rpt"/>
  <File Type="PWROPT-TIMING" Name="Top_timing_summary_pwropted.rpt"/>
  <File Type="PLACE-DCP" Name="Top_placed.dcp"/>
  <File Type="PLACE-IO" Name="Top_io_placed.rpt"/>
  <File Type="PLACE-CLK" Name="Top_clock_utilization_placed.rpt"/>
  <File Type="PLACE-UTIL" Name="Top_utilization_placed.rpt"/>
  <File Type="PLACE-UTIL-PB" Name="Top_utilization_placed.pb"/>
  <File Type="PLACE-CTRL" Name="Top_control_sets_placed.rpt"/>
  <File Type="PLACE-SIMILARITY" Name="Top_incremental_reuse_placed.rpt"/>
  <File Type="PLACE-PRE-SIMILARITY" Name="Top_incremental_reuse_pre_placed.rpt"/>
  <File Type="PLACE-TIMING" Name="Top_timing_summary_placed.rpt"/>
  <File Type="POSTPLACE-PWROPT-DCP" Name="Top_postplace_pwropt.dcp"/>
  <File Type="POSTPLACE-PWROPT-TIMING" Name="Top_timing_summary_postplace_pwropted.rpt"/>
  <File Type="PHYSOPT-DCP" Name="Top_physopt.dcp"/>
  <File Type="PHYSOPT-DRC" Name="Top_drc_physopted.rpt"/>
  <File Type="BG-BIT" Name="Top.bit"/>
  <File Type="PHYSOPT-TIMING" Name="Top_timing_summary_physopted.rpt"/>
  <File Type="ROUTE-ERROR-DCP" Name="Top_routed_error.dcp"/>
  <File Type="ROUTE-DCP" Name="Top_routed.dcp"/>
  <File Type="ROUTE-BLACKBOX-DCP" Name="Top_routed_bb.dcp"/>
  <File Type="ROUTE-DRC" Name="Top_drc_routed.rpt"/>
  <File Type="ROUTE-DRC-PB" Name="Top_drc_routed.pb"/>
  <File Type="BITSTR-MSK" Name="Top.msk"/>
  <File Type="ROUTE-DRC-RPX" Name="Top_drc_routed.rpx"/>
  <File Type="BG-BGN" Name="Top.bgn"/>
  <File Type="ROUTE-METHODOLOGY-DRC" Name="Top_methodology_drc_routed.rpt"/>
  <File Type="BITSTR-RBT" Name="Top.rbt"/>
  <File Type="ROUTE-METHODOLOGY-DRC-RPX" Name="Top_methodology_drc_routed.rpx"/>
  <File Type="BG-BIN" Name="Top.bin"/>
  <File Type="ROUTE-METHODOLOGY-DRC-PB" Name="Top_methodology_drc_routed.pb"/>
  <File Type="ROUTE-PWR-RPX" Name="Top_power_routed.rpx"/>
  <File Type="ROUTE-STATUS" Name="Top_route_status.rpt"/>
  <File Type="ROUTE-STATUS-PB" Name="Top_route_status.pb"/>
  <File Type="ROUTE-TIMINGSUMMARY" Name="Top_timing_summary_routed.rpt"/>
  <File Type="ROUTE-TIMING-PB" Name="Top_timing_summary_routed.pb"/>
  <File Type="ROUTE-TIMING-RPX" Name="Top_timing_summary_routed.rpx"/>
  <File Type="ROUTE-SIMILARITY" Name="Top_incremental_reuse_routed.rpt"/>
  <File Type="RDI-RDI" Name="Top.vdi"/>
  <File Type="ROUTE-CLK" Name="Top_clock_utilization_routed.rpt"/>
  <File Type="POSTROUTE-PHYSOPT-DCP" Name="Top_postroute_physopt.dcp"/>
  <File Type="POSTROUTE-PHYSOPT-BLACKBOX-DCP" Name="Top_postroute_physopt_bb.dcp"/>
  <File Type="POSTROUTE-PHYSOPT-TIMING" Name="Top_timing_summary_postroute_physopted.rpt"/>
  <File Type="POSTROUTE-PHYSOPT-TIMING-PB" Name="Top_timing_summary_postroute_physopted.pb"/>
  <File Type="POSTROUTE-PHYSOPT-TIMING-RPX" Name="Top_timing_summary_postroute_physopted.rpx"/>
  <File Type="BITSTR-NKY" Name="Top.nky"/>
  <File Type="BITSTR-BMM" Name="Top_bd.bmm"/>
  <File Type="BITSTR-MMI" Name="Top.mmi"/>
  <File Type="BITSTR-LTX" Name="debug_nets.ltx"/>
  <File Type="BITSTR-LTX" Name="Top.ltx"/>
  <File Type="BITSTR-SYSDEF" Name="Top.sysdef"/>
  <File Type="WBT-USG" Name="usage_statistics_webtalk.html"/>
  <FileSet Name="sources" Type="DesignSrcs" RelSrcDir="$PSRCDIR/sources_1">
    <Filter Type="Srcs"/>
    <File Path="$PSRCDIR/sources_1/imports/Materials/Defines.vh">
      <FileInfo>
        <Attr Name="ImportPath" Val="$PPRDIR/../Materials/Defines.vh"/>
        <Attr Name="ImportTime" Val="1623087016"/>
        <Attr Name="UsedIn" Val="synthesis"/>
        <Attr Name="UsedIn" Val="simulation"/>
      </FileInfo>
    </File>
    <File Path="$PSRCDIR/sources_1/imports/Materials/Alu.v">
      <FileInfo>
        <Attr Name="ImportPath" Val="$PPRDIR/../Materials/Alu.v"/>
        <Attr Name="ImportTime" Val="1647435717"/>
        <Attr Name="UsedIn" Val="synthesis"/>
        <Attr Name="UsedIn" Val="implementation"/>
        <Attr Name="UsedIn" Val="simulation"/>
      </FileInfo>
    </File>
    <File Path="$PSRCDIR/sources_1/imports/Materials/ClockDividor.v">
      <FileInfo>
        <Attr Name="ImportPath" Val="$PPRDIR/../Materials/ClockDividor.v"/>
        <Attr Name="ImportTime" Val="1623087016"/>
        <Attr Name="UsedIn" Val="synthesis"/>
        <Attr Name="UsedIn" Val="implementation"/>
        <Attr Name="UsedIn" Val="simulation"/>
      </FileInfo>
    </File>
    <File Path="$PSRCDIR/sources_1/imports/Materials/Comparator.v">
      <FileInfo>
        <Attr Name="ImportPath" Val="$PPRDIR/../Materials/Comparator.v"/>
        <Attr Name="ImportTime" Val="1646899210"/>
        <Attr Name="UsedIn" Val="synthesis"/>
        <Attr Name="UsedIn" Val="implementation"/>
        <Attr Name="UsedIn" Val="simulation"/>
      </FileInfo>
    </File>
    <File Path="$PSRCDIR/sources_1/imports/Materials/Controller.v">
      <FileInfo>
        <Attr Name="ImportPath" Val="$PPRDIR/../Materials/Controller.v"/>
        <Attr Name="ImportTime" Val="1649835540"/>
        <Attr Name="UsedIn" Val="synthesis"/>
        <Attr Name="UsedIn" Val="implementation"/>
        <Attr Name="UsedIn" Val="simulation"/>
      </FileInfo>
    </File>
    <File Path="$PSRCDIR/sources_1/imports/Materials/Core.v">
      <FileInfo>
        <Attr Name="ImportPath" Val="$PPRDIR/../Materials/Core.v"/>
        <Attr Name="ImportTime" Val="1646893585"/>
        <Attr Name="UsedIn" Val="synthesis"/>
        <Attr Name="UsedIn" Val="implementation"/>
        <Attr Name="UsedIn" Val="simulation"/>
      </FileInfo>
    </File>
    <File Path="$PSRCDIR/sources_1/imports/Materials/DMem.v">
      <FileInfo>
        <Attr Name="ImportPath" Val="$PPRDIR/../Materials/DMem.v"/>
        <Attr Name="ImportTime" Val="1623087016"/>
        <Attr Name="UsedIn" Val="synthesis"/>
        <Attr Name="UsedIn" Val="implementation"/>
        <Attr Name="UsedIn" Val="simulation"/>
      </FileInfo>
    </File>
    <File Path="$PSRCDIR/sources_1/imports/Materials/IMem.v">
      <FileInfo>
        <Attr Name="ImportPath" Val="$PPRDIR/../Materials/IMem.v"/>
        <Attr Name="ImportTime" Val="1623087016"/>
        <Attr Name="UsedIn" Val="synthesis"/>
        <Attr Name="UsedIn" Val="implementation"/>
        <Attr Name="UsedIn" Val="simulation"/>
      </FileInfo>
    </File>
    <File Path="$PSRCDIR/sources_1/imports/Materials/ImmGen.v">
      <FileInfo>
        <Attr Name="ImportPath" Val="$PPRDIR/../Materials/ImmGen.v"/>
        <Attr Name="ImportTime" Val="1649777046"/>
        <Attr Name="UsedIn" Val="synthesis"/>
        <Attr Name="UsedIn" Val="implementation"/>
        <Attr Name="UsedIn" Val="simulation"/>
      </FileInfo>
    </File>
    <File Path="$PSRCDIR/sources_1/imports/Materials/InputAntiJitter.v">
      <FileInfo>
        <Attr Name="ImportPath" Val="$PPRDIR/../Materials/InputAntiJitter.v"/>
        <Attr Name="ImportTime" Val="1623087016"/>
        <Attr Name="UsedIn" Val="synthesis"/>
        <Attr Name="UsedIn" Val="implementation"/>
        <Attr Name="UsedIn" Val="simulation"/>
      </FileInfo>
    </File>
    <File Path="$PSRCDIR/sources_1/imports/Materials/LEDCtrl.v">
      <FileInfo>
        <Attr Name="ImportPath" Val="$PPRDIR/../Materials/LEDCtrl.v"/>
        <Attr Name="ImportTime" Val="1648473934"/>
        <Attr Name="UsedIn" Val="synthesis"/>
        <Attr Name="UsedIn" Val="implementation"/>
        <Attr Name="UsedIn" Val="simulation"/>
      </FileInfo>
    </File>
    <File Path="$PSRCDIR/sources_1/imports/Materials/MACtrl.v">
      <FileInfo>
        <Attr Name="ImportPath" Val="$PPRDIR/../Materials/MACtrl.v"/>
        <Attr Name="ImportTime" Val="1646807827"/>
        <Attr Name="UsedIn" Val="synthesis"/>
        <Attr Name="UsedIn" Val="implementation"/>
        <Attr Name="UsedIn" Val="simulation"/>
      </FileInfo>
    </File>
    <File Path="$PSRCDIR/sources_1/imports/Materials/Mem.v">
      <FileInfo>
        <Attr Name="ImportPath" Val="$PPRDIR/../Materials/Mem.v"/>
        <Attr Name="ImportTime" Val="1646815446"/>
        <Attr Name="UsedIn" Val="synthesis"/>
        <Attr Name="UsedIn" Val="implementation"/>
        <Attr Name="UsedIn" Val="simulation"/>
      </FileInfo>
    </File>
    <File Path="$PSRCDIR/sources_1/imports/Materials/PC.v">
      <FileInfo>
        <Attr Name="ImportPath" Val="$PPRDIR/../Materials/PC.v"/>
        <Attr Name="ImportTime" Val="1649830393"/>
        <Attr Name="UsedIn" Val="synthesis"/>
        <Attr Name="UsedIn" Val="implementation"/>
        <Attr Name="UsedIn" Val="simulation"/>
      </FileInfo>
    </File>
    <File Path="$PSRCDIR/sources_1/imports/Materials/RegFile.v">
      <FileInfo>
        <Attr Name="ImportPath" Val="$PPRDIR/../Materials/RegFile.v"/>
        <Attr Name="ImportTime" Val="1646901422"/>
        <Attr Name="UsedIn" Val="synthesis"/>
        <Attr Name="UsedIn" Val="implementation"/>
        <Attr Name="UsedIn" Val="simulation"/>
      </FileInfo>
    </File>
    <File Path="$PSRCDIR/sources_1/imports/Materials/VGA.v">
      <FileInfo>
        <Attr Name="ImportPath" Val="$PPRDIR/../Materials/VGA.v"/>
        <Attr Name="ImportTime" Val="1623087016"/>
        <Attr Name="UsedIn" Val="synthesis"/>
        <Attr Name="UsedIn" Val="implementation"/>
        <Attr Name="UsedIn" Val="simulation"/>
      </FileInfo>
    </File>
    <File Path="$PSRCDIR/sources_1/imports/Materials/VgaController.v">
      <FileInfo>
        <Attr Name="ImportPath" Val="$PPRDIR/../Materials/VgaController.v"/>
        <Attr Name="ImportTime" Val="1623087016"/>
        <Attr Name="UsedIn" Val="synthesis"/>
        <Attr Name="UsedIn" Val="implementation"/>
        <Attr Name="UsedIn" Val="simulation"/>
      </FileInfo>
    </File>
    <File Path="$PSRCDIR/sources_1/imports/Materials/VgaDebugger.v">
      <FileInfo>
        <Attr Name="ImportPath" Val="$PPRDIR/../Materials/VgaDebugger.v"/>
        <Attr Name="ImportTime" Val="1623087016"/>
        <Attr Name="UsedIn" Val="synthesis"/>
        <Attr Name="UsedIn" Val="implementation"/>
        <Attr Name="UsedIn" Val="simulation"/>
      </FileInfo>
    </File>
    <File Path="$PSRCDIR/sources_1/imports/Materials/VgaDisplay.v">
      <FileInfo>
        <Attr Name="ImportPath" Val="$PPRDIR/../Materials/VgaDisplay.v"/>
        <Attr Name="ImportTime" Val="1623087016"/>
        <Attr Name="UsedIn" Val="synthesis"/>
        <Attr Name="UsedIn" Val="implementation"/>
        <Attr Name="UsedIn" Val="simulation"/>
      </FileInfo>
    </File>
    <File Path="$PSRCDIR/sources_1/imports/Materials/Top.v">
      <FileInfo>
        <Attr Name="ImportPath" Val="$PPRDIR/../Materials/Top.v"/>
        <Attr Name="ImportTime" Val="1646893790"/>
        <Attr Name="UsedIn" Val="synthesis"/>
        <Attr Name="UsedIn" Val="implementation"/>
        <Attr Name="UsedIn" Val="simulation"/>
      </FileInfo>
    </File>
    <File Path="$PSRCDIR/sources_1/imports/Materials/dmem_data.mem">
      <FileInfo>
        <Attr Name="UsedIn" Val="synthesis"/>
        <Attr Name="UsedIn" Val="simulation"/>
      </FileInfo>
    </File>
    <File Path="$PSRCDIR/sources_1/imports/Materials/font_8x16.mem">
      <FileInfo>
        <Attr Name="UsedIn" Val="synthesis"/>
        <Attr Name="UsedIn" Val="simulation"/>
      </FileInfo>
    </File>
    <File Path="$PSRCDIR/sources_1/imports/Materials/vga_debugger.mem">
      <FileInfo>
        <Attr Name="UsedIn" Val="synthesis"/>
        <Attr Name="UsedIn" Val="simulation"/>
      </FileInfo>
    </File>
    <File Path="$PSRCDIR/sources_1/imports/Materials/imem_data.mem">
      <FileInfo>
        <Attr Name="UsedIn" Val="synthesis"/>
        <Attr Name="UsedIn" Val="simulation"/>
      </FileInfo>
    </File>
    <File Path="$PSRCDIR/sources_1/imports/Mem/font_8x16.mem">
      <FileInfo>
        <Attr Name="ImportPath" Val="$PPRDIR/../Materials/Mem/font_8x16.mem"/>
        <Attr Name="ImportTime" Val="1623087016"/>
        <Attr Name="UsedIn" Val="synthesis"/>
        <Attr Name="UsedIn" Val="simulation"/>
      </FileInfo>
    </File>
    <File Path="$PSRCDIR/sources_1/imports/Mem/vga_debugger.mem">
      <FileInfo>
        <Attr Name="ImportPath" Val="$PPRDIR/../Materials/Mem/vga_debugger.mem"/>
        <Attr Name="ImportTime" Val="1623087016"/>
        <Attr Name="UsedIn" Val="synthesis"/>
        <Attr Name="UsedIn" Val="simulation"/>
      </FileInfo>
    </File>
    <File Path="$PSRCDIR/sources_1/imports/Mem/imem_data.mem">
      <FileInfo>
        <Attr Name="ImportPath" Val="$PPRDIR/../Materials/Mem/imem_data.mem"/>
        <Attr Name="ImportTime" Val="1623087016"/>
        <Attr Name="UsedIn" Val="synthesis"/>
        <Attr Name="UsedIn" Val="simulation"/>
      </FileInfo>
    </File>
    <File Path="$PSRCDIR/sources_1/imports/Mem/test_scpu.s">
      <FileInfo>
        <Attr Name="ImportPath" Val="$PPRDIR/../Materials/Mem/test_scpu.s"/>
        <Attr Name="ImportTime" Val="1623087016"/>
      </FileInfo>
    </File>
    <File Path="$PSRCDIR/sources_1/imports/Mem/dmem_data.mem">
      <FileInfo>
        <Attr Name="ImportPath" Val="$PPRDIR/../Materials/Mem/dmem_data.mem"/>
        <Attr Name="ImportTime" Val="1623087016"/>
        <Attr Name="UsedIn" Val="synthesis"/>
        <Attr Name="UsedIn" Val="simulation"/>
      </FileInfo>
    </File>
    <Config>
      <Option Name="DesignMode" Val="RTL"/>
      <Option Name="TopModule" Val="Top"/>
    </Config>
  </FileSet>
  <FileSet Name="constrs_in" Type="Constrs" RelSrcDir="$PSRCDIR/constrs_1">
    <Filter Type="Constrs"/>
    <File Path="$PSRCDIR/constrs_1/imports/Materials/Constraints.xdc">
      <FileInfo>
        <Attr Name="ImportPath" Val="$PPRDIR/../Materials/Constraints.xdc"/>
        <Attr Name="ImportTime" Val="1647444687"/>
        <Attr Name="UsedIn" Val="synthesis"/>
        <Attr Name="UsedIn" Val="implementation"/>
      </FileInfo>
    </File>
    <Config>
      <Option Name="ConstrsType" Val="XDC"/>
    </Config>
  </FileSet>
  <Strategy Version="1" Minor="2">
    <StratHandle Name="Vivado Implementation Defaults" Flow="Vivado Implementation 2017"/>
    <Step Id="init_design"/>
    <Step Id="opt_design"/>
    <Step Id="power_opt_design"/>
    <Step Id="place_design"/>
    <Step Id="post_place_power_opt_design"/>
    <Step Id="phys_opt_design"/>
    <Step Id="route_design"/>
    <Step Id="post_route_phys_opt_design"/>
    <Step Id="write_bitstream"/>
  </Strategy>
</GenRun>
